Workbook

Sheet Mangrove Calculator
A1: EVE Mangrove Ecosystem Services — Test Calculator
A3: Inputs (yellow cells — edit me)
A4: Area (ha) | B4: 1000
A5: Intactness multiplier (0.0–1.0) | B5: 1
A6: Regional adjustment factor (0.4–2.5) | B6: 1
A7: Sundarbans (India) regional factor | B7: 0.51 | C7: ← copy into B6 to test the Sundarbans Mangrove test area
A9: Service | B9: Category | C9: Coefficient (Int$/ha/yr) | D9: × Area | E9: HD/BBI | F9: M1 indicator | G9: M1 answer | H9: M4 indicator | I9: M4 answer | J9: × Regional | K9: Final | L9: Contribution (Int$/yr)
A10: Food | B10: Provisioning | C10: 117 | D10: =$B$4 -> 1000 | E10: =$B$5 -> 1 | F10: {=IFERROR(_xlfn.SWITCH(HLOOKUP(A10, 'Indicator Mapping'!$B$4:$W$5, 2, FALSE), "P", 1, "S", 0.5, 0), 0)} -> 0.5 | G10: 0.5 | H10: {=_xlfn.SWITCH(HLOOKUP(A10, 'Indicator Mapping'!$A$4:$W$12, 5, FALSE), "P", 1, "S", 0.5, 0)} -> 0.5 | I10: 0.5 | J10: 0.51 | K10: =(((G10*F10)+(H10*I10))/1)*J10*E10 -> 0.255 | L10: =C10*D10*K10 -> 29835
A11: Water | B11: Provisioning | C11: 6070 | D11: =$B$4 -> 1000 | E11: =$B$5 -> 1 | F11: {=IFERROR(_xlfn.SWITCH(HLOOKUP(A11, 'Indicator Mapping'!$B$4:$W$5, 2, FALSE), "P", 1, "S", 0.5, 0), 0)} -> 0.5 | G11: 1 | H11: {=_xlfn.SWITCH(HLOOKUP(A11, 'Indicator Mapping'!$A$4:$W$12, 5, FALSE), "P", 1, "S", 0.5, 0)} -> 1 | I11: 1 | J11: =$B$6 -> 1 | K11: =((G11*F11)+(H11*I11))/1 -> 1.5 | L11: =C11*D11*$B$4*$B$5*$B$6*F11*G11*H11*I11 -> 3035000000
A12: Raw materials | B12: Provisioning | C12: 15 | D12: =$B$4 -> 1000 | E12: =$B$5 -> 1 | F12: {=IFERROR(_xlfn.SWITCH(HLOOKUP(A12, 'Indicator Mapping'!$B$4:$W$5, 2, FALSE), "P", 1, "S", 0.5, 0), 0)} -> 1 | G12: 1 | H12: {=_xlfn.SWITCH(HLOOKUP(A12, 'Indicator Mapping'!$A$4:$W$12, 5, FALSE), "P", 1, "S", 0.5, 0)} -> 0 | I12: 1 | J12: =$B$6 -> 1 | K12: =((G12*F12)+(H12*I12))/1 -> 1 | L12: =C12*D12*$B$4*$B$5*$B$6*F12*G12*H12*I12 -> 0
A13: Genetic resources | B13: Provisioning | C13: 4 | D13: =$B$4 -> 1000 | E13: =$B$5 -> 1 | F13: {=IFERROR(_xlfn.SWITCH(HLOOKUP(A13, 'Indicator Mapping'!$B$4:$W$5, 2, FALSE), "P", 1, "S", 0.5, 0), 0)} -> 0 | G13: 1 | H13: {=_xlfn.SWITCH(HLOOKUP(A13, 'Indicator Mapping'!$A$4:$W$12, 5, FALSE), "P", 1, "S", 0.5, 0)} -> 0 | I13: 1 | J13: =$B$6 -> 1 | K13: =((G13*F13)+(H13*I13))/1 -> 0 | L13: =C13*D13*$B$4*$B$5*$B$6*F13*G13*H13*I13 -> 0
A14: Medicinal resources | B14: Provisioning | C14: 299 | D14: =$B$4 -> 1000 | E14: =$B$5 -> 1 | F14: {=IFERROR(_xlfn.SWITCH(HLOOKUP(A14, 'Indicator Mapping'!$B$4:$W$5, 2, FALSE), "P", 1, "S", 0.5, 0), 0)} -> 0 | G14: 1 | H14: {=_xlfn.SWITCH(HLOOKUP(A14, 'Indicator Mapping'!$A$4:$W$12, 5, FALSE), "P", 1, "S", 0.5, 0)} -> 0 | I14: 1 | J14: =$B$6 -> 1 | K14: =((G14*F14)+(H14*I14))/1 -> 0 | L14: =C14*D14*$B$4*$B$5*$B$6*F14*G14*H14*I14 -> 0
A15: Ornamental resources | B15: Provisioning | C15: 0 | D15: =$B$4 -> 1000 | E15: =$B$5 -> 1 | F15: {=IFERROR(_xlfn.SWITCH(HLOOKUP(A15, 'Indicator Mapping'!$B$4:$W$5, 2, FALSE), "P", 1, "S", 0.5, 0), 0)} -> 0 | G15: 1 | H15: {=_xlfn.SWITCH(HLOOKUP(A15, 'Indicator Mapping'!$A$4:$W$12, 5, FALSE), "P", 1, "S", 0.5, 0)} -> 0 | I15: 1 | J15: =$B$6 -> 1 | K15: =((G15*F15)+(H15*I15))/1 -> 0 | L15: =C15*D15*$B$4*$B$5*$B$6*F15*G15*H15*I15 -> 0
A16: Air quality regulation | B16: Regulating | C16: 705 | D16: =$B$4 -> 1000 | E16: =$B$5 -> 1 | F16: {=IFERROR(_xlfn.SWITCH(HLOOKUP(A16, 'Indicator Mapping'!$B$4:$W$5, 2, FALSE), "P", 1, "S", 0.5, 0), 0)} -> 1 | G16: 1 | H16: {=_xlfn.SWITCH(HLOOKUP(A16, 'Indicator Mapping'!$A$4:$W$12, 5, FALSE), "P", 1, "S", 0.5, 0)} -> 0 | I16: 1 | J16: =$B$6 -> 1 | K16: =((G16*F16)+(H16*I16))/1 -> 1 | L16: =C16*D16*$B$4*$B$5*$B$6*F16*G16*H16*I16 -> 0
A17: Climate regulation | B17: Regulating | C17: 3417 | D17: =$B$4 -> 1000 | E17: =$B$5 -> 1 | F17: {=IFERROR(_xlfn.SWITCH(HLOOKUP(A17, 'Indicator Mapping'!$B$4:$W$5, 2, FALSE), "P", 1, "S", 0.5, 0), 0)} -> 1 | G17: 1 | H17: {=_xlfn.SWITCH(HLOOKUP(A17, 'Indicator Mapping'!$A$4:$W$12, 5, FALSE), "P", 1, "S", 0.5, 0)} -> 0.5 | I17: 1 | J17: =$B$6 -> 1 | K17: =((G17*F17)+(H17*I17))/1 -> 1.5 | L17: =C17*D17*$B$4*$B$5*$B$6*F17*G17*H17*I17 -> 1708500000
A18: Moderation of extreme events | B18: Regulating | C18: 5384 | D18: =$B$4 -> 1000 | E18: =$B$5 -> 1 | F18: {=IFERROR(_xlfn.SWITCH(HLOOKUP(A18, 'Indicator Mapping'!$B$4:$W$5, 2, FALSE), "P", 1, "S", 0.5, 0), 0)} -> 1 | G18: 1 | H18: {=_xlfn.SWITCH(HLOOKUP(A18, 'Indicator Mapping'!$A$4:$W$12, 5, FALSE), "P", 1, "S", 0.5, 0)} -> 1 | I18: 1 | J18: =$B$6 -> 1 | K18: =((G18*F18)+(H18*I18))/1 -> 2 | L18: =C18*D18*$B$4*$B$5*$B$6*F18*G18*H18*I18 -> 5384000000
A19: Water flow regulation | B19: Regulating | C19: 0 | D19: =$B$4 -> 1000 | E19: =$B$5 -> 1 | F19: {=IFERROR(_xlfn.SWITCH(HLOOKUP(A19, 'Indicator Mapping'!$B$4:$W$5, 2, FALSE), "P", 1, "S", 0.5, 0), 0)} -> 0 | G19: 1 | H19: {=_xlfn.SWITCH(HLOOKUP(A19, 'Indicator Mapping'!$A$4:$W$12, 5, FALSE), "P", 1, "S", 0.5, 0)} -> 1 | I19: 1 | J19: =$B$6 -> 1 | K19: =((G19*F19)+(H19*I19))/1 -> 1 | L19: =C19*D19*$B$4*$B$5*$B$6*F19*G19*H19*I19 -> 0
A20: Waste treatment / water purification | B20: Regulating | C20: 7119 | D20: =$B$4 -> 1000 | E20: =$B$5 -> 1 | F20: {=IFERROR(_xlfn.SWITCH(HLOOKUP(A20, 'Indicator Mapping'!$B$4:$W$5, 2, FALSE), "P", 1, "S", 0.5, 0), 0)} -> 0.5 | G20: 1 | H20: {=_xlfn.SWITCH(HLOOKUP(A20, 'Indicator Mapping'!$A$4:$W$12, 5, FALSE), "P", 1, "S", 0.5, 0)} -> 1 | I20: 1 | J20: =$B$6 -> 1 | K20: =((G20*F20)+(H20*I20))/1 -> 1.5 | L20: =C20*D20*$B$4*$B$5*$B$6*F20*G20*H20*I20 -> 3559500000
A21: Erosion prevention | B21: Regulating | C21: 1005 | D21: =$B$4 -> 1000 | E21: =$B$5 -> 1 | F21: {=IFERROR(_xlfn.SWITCH(HLOOKUP(A21, 'Indicator Mapping'!$B$4:$W$5, 2, FALSE), "P", 1, "S", 0.5, 0), 0)} -> 1 | G21: 1 | H21: {=_xlfn.SWITCH(HLOOKUP(A21, 'Indicator Mapping'!$A$4:$W$12, 5, FALSE), "P", 1, "S", 0.5, 0)} -> 0 | I21: 1 | J21: =$B$6 -> 1 | K21: =((G21*F21)+(H21*I21))/1 -> 1 | L21: =C21*D21*$B$4*$B$5*$B$6*F21*G21*H21*I21 -> 0
A22: Soil formation / nutrient cycling | B22: Regulating | C22: 670 | D22: =$B$4 -> 1000 | E22: =$B$5 -> 1 | F22: {=IFERROR(_xlfn.SWITCH(HLOOKUP(A22, 'Indicator Mapping'!$B$4:$W$5, 2, FALSE), "P", 1, "S", 0.5, 0), 0)} -> 0 | G22: 1 | H22: {=_xlfn.SWITCH(HLOOKUP(A22, 'Indicator Mapping'!$A$4:$W$12, 5, FALSE), "P", 1, "S", 0.5, 0)} -> 0 | I22: 1 | J22: =$B$6 -> 1 | K22: =((G22*F22)+(H22*I22))/1 -> 0 | L22: =C22*D22*$B$4*$B$5*$B$6*F22*G22*H22*I22 -> 0
... A31: Cognitive development | B31: Cultural | C31: 0 | D31: =$B$4 -> 1000 | E31: =$B$5 -> 1 | F31: {=IFERROR(_xlfn.SWITCH(HLOOKUP(A31, 'Indicator Mapping'!$B$4:$W$5, 2, FALSE), "P", 1, "S", 0.5, 0), 0)} -> 0 | G31: 1 | H31: {=_xlfn.SWITCH(HLOOKUP(A31, 'Indicator Mapping'!$A$4:$W$12, 5, FALSE), "P", 1, "S", 0.5, 0)} -> 0 | I31: 1 | J31: =$B$6 -> 1 | K31: =((G31*F31)+(H31*I31))/1 -> 0 | L31: =C31*D31*$B$4*$B$5*$B$6*F31*G31*H31*I31 -> 0
A32: TOTAL ANNUAL VALUE | L32: =SUM(L10:L31) -> 16877029835
A33: Total per hectare (Int$/ha/yr) | L33: =L32/$B$4 -> 16877030
A35: Notes:
A36: • Coefficients sourced from TEEB analysis (ESVD 2.4.2 medians with literature substitutions where ESVD data is sparse).
A37: • Multipliers in this sheet are applied uniformly across all services — i.e. it mirrors the legacy BBI calculation mode.
A38: • To test the Sundarbans Mangrove test area in EVE: set Area=1000, Intactness=1.0, Regional=0.51 → expected $15,764,610/yr.
A39: • Indicator-driven (non-uniform) multipliers are NOT modelled in this sheet — for those, use the EVE results page sub-service breakdown.
A40: • Coefficient source: utils/precomputed_esvd_coefficients.py · ecosystem-dict key 'mangroves' · base sum = $30,911/ha/yr.

Sheet Indicator Mapping
A1: Indicator → Sub-service mapping (Mangrove)
A2: Each cell shows how strongly an indicator drives the multiplier for that sub-service. Green = primary (weight 1.0), light-green = secondary (weight 0.5), amber = cross-cutting (HD applies to all).
A4: Indicator | B4: Food | C4: Water | D4: Raw materials | E4: Genetic resources | F4: Medicinal resources | G4: Ornamental resources | H4: Air quality regulation | I4: Climate regulation | J4: Moderation of extreme events | K4: Water flow regulation | L4: Waste treatment / water purification | M4: Erosion prevention | N4: Soil formation / nutrient cycling | O4: Pollination | P4: Biological control | Q4: Maintenance of life cycles (nursery) | R4: Habitat / Genetic diversity | S4: Aesthetic information | T4: Recreation & tourism | U4: Inspiration / culture | V4: Spiritual experience | W4: Cognitive development
A5: M1: Canopy Cover | B5: S | C5: S | D5: P | H5: P | I5: P | J5: P | L5: S | M5: P | R5: P | S5: P | T5: S
A6: M2: Seedling and Sapling Density | D6: S | I6: S | R6: P
A7: M3: Natural Recruitment | D7: S | E7: S | I7: S | R7: P
A8: M4: Tidal Flow and Hydrological Function | B8: S | C8: P | I8: S | J8: P | K8: P | L8: P | R8: P
A9: M5: Water Clarity | B9: P | C9: P | L9: P | R9: S | S9: P | T9: P
A10: M6: Wildlife and Fauna Signs | B10: S | E10: S | R10: P | S10: S | T10: P | U10: P | V10: P
A11: M7: Invasive Species Pressure | B11: S | C11: S | E11: S | H11: S | I11: S | J11: S | K11: S | L11: S | M11: S | R11: P | T11: S
A12: HD: Human Disturbance Pressure (Required) | B12: C | C12: C | D12: C | E12: C | F12: C | G12: C | H12: C | I12: C | J12: C | K12: C | L12: C | M12: C | O12: C | R12: C | S12: C | T12: C | U12: C | V12: C
A14: Legend
A15: P = Primary (weight 1.0) | B15: P
A16: S = Secondary (weight 0.5) | B16: S
A17: C = Cross-cutting (HD multiplier applied to all) | B17: C
A18: Blank = indicator does not affect this sub-service
